Загаловок;Цена;Ссылка
Игровая видеокарта Nvidia GeForce GTX 1060 3GB;11900;https://www.avito.ru//moskva/tovary_dlya_kompyutera/igrovaya_videokarta_nvidia_geforce_gtx_1060_3gb_1771792874
NVidia asus GeForce GTX 1060 6gb;22000;https://www.avito.ru//moskva/tovary_dlya_kompyutera/nvidia_asus_geforce_gtx_1060_6gb_1807796332
NVidia GeForce GTX 1060 6 gb;26500;https://www.avito.ru//moskva/tovary_dlya_kompyutera/nvidia_geforce_gtx_1060_6_gb_2122180450
Игровая видеокарта Nvidia GeForce GTX 1060 3GB Min;11900;https://www.avito.ru//moskva/tovary_dlya_kompyutera/igrovaya_videokarta_nvidia_geforce_gtx_1060_3gb_min_1771811842
Видеокарты invidia gefoce GTX 1060 3Gb;14800;https://www.avito.ru//moskva/tovary_dlya_kompyutera/videokarty_invidia_gefoce_gtx_1060_3gb_2095230108
Gigabyte nvidia GeForce GTX 1060 3GB;12000;https://www.avito.ru//fryazino/tovary_dlya_kompyutera/gigabyte_nvidia_geforce_gtx_1060_3gb_2078246390?slocation=637640
Nvidia geforce gtx 1060 3gb;12000;https://www.avito.ru//biokombinata/tovary_dlya_kompyutera/nvidia_geforce_gtx_1060_3gb_2113022997
Видеокарта nvidia GeForce GTX 1060 3GB;15000;https://www.avito.ru//reutov/tovary_dlya_kompyutera/videokarta_nvidia_geforce_gtx_1060_3gb_2099494602?slocation=637640
Nvidia geforce gtx Увеличенная 1060 3gb gaming G1;14000;https://www.avito.ru//tula/tovary_dlya_kompyutera/nvidia_geforce_gtx_uvelichennaya_1060_3gb_gaming_g1_2101018178
Gigabyte nVidia GeForce GTX 1060 на 3гб;15000;https://www.avito.ru//tula/tovary_dlya_kompyutera/gigabyte_nvidia_geforce_gtx_1060_na_3gb_2098776578
Nvidia geforce gtx 1060 3gb;13990;https://www.avito.ru//ivanovo/tovary_dlya_kompyutera/nvidia_geforce_gtx_1060_3gb_2091183047?slocation=637640
Nvidia geforce gtx 1060 6gb msi;24500;https://www.avito.ru//voronezh/tovary_dlya_kompyutera/nvidia_geforce_gtx_1060_6gb_msi_2106714790?slocation=637640
Видеокарта GTX 1060 3GB gigabyte nVidia GeForce GD;10900;https://www.avito.ru//kostroma/tovary_dlya_kompyutera/videokarta_gtx_1060_3gb_gigabyte_nvidia_geforce_gd_2112759387?slocation=637640
Nvidia geforce gtx 1060 3gb;13000;https://www.avito.ru//voronezh/tovary_dlya_kompyutera/nvidia_geforce_gtx_1060_3gb_2130583661?slocation=637640
Nvidia geforce gtx 1060 3gb;30000;https://www.avito.ru//livny/tovary_dlya_kompyutera/nvidia_geforce_gtx_1060_3gb_2079968604
Видео карта Asus Dual GTX1060 nvidia GeForce 3GB;12500;https://www.avito.ru//dzerzhinsk/tovary_dlya_kompyutera/video_karta_asus_dual_gtx1060_nvidia_geforce_3gb_2085543756?slocation=637640
Palit NVidia GeForce GTX 1060 Jetstream 6Gb;21000;https://www.avito.ru//sankt-peterburg/tovary_dlya_kompyutera/palit_nvidia_geforce_gtx_1060_jetstream_6gb_2111481081?slocation=637640
Palit Nvidia Geforce GTX 1060 3gb;13000;https://www.avito.ru//cherepovets/tovary_dlya_kompyutera/palit_nvidia_geforce_gtx_1060_3gb_2085935126
Nvidia GeForce GTX 1060 3гб;14000;https://www.avito.ru//kursk/tovary_dlya_kompyutera/nvidia_geforce_gtx_1060_3gb_2081240648?slocation=637640
MSI nvidia GeForce GTX1060 3GB;14500;https://www.avito.ru//nizhniy_novgorod/tovary_dlya_kompyutera/msi_nvidia_geforce_gtx1060_3gb_1244408714
Видеокарта Nvidia Geforce GTX 1060;13900;https://www.avito.ru//sankt-peterburg/tovary_dlya_kompyutera/videokarta_nvidia_geforce_gtx_1060_2089154378?slocation=637640
Nvidia geforce gtx 1060 3gb;15000;https://www.avito.ru//voronezh/tovary_dlya_kompyutera/nvidia_geforce_gtx_1060_3gb_2099158067?slocation=637640
Nvidia geforce gtx 1060 3gb;10000;https://www.avito.ru//vologda/tovary_dlya_kompyutera/nvidia_geforce_gtx_1060_3gb_2086590226?slocation=637640
Palit Nvidia GeForce GTX1060 3GB Dual;13000;https://www.avito.ru//sankt-peterburg/tovary_dlya_kompyutera/palit_nvidia_geforce_gtx1060_3gb_dual_2073186307?slocation=637640
MSI nvidia geforce Gtx 1060 3gb;13000;https://www.avito.ru//novocheboksarsk/tovary_dlya_kompyutera/msi_nvidia_geforce_gtx_1060_3gb_2078922806?slocation=637640
Nvidia GeForce GTX 1060 Super JetStream 3GB;18000;https://www.avito.ru//sankt-peterburg/tovary_dlya_kompyutera/nvidia_geforce_gtx_1060_super_jetstream_3gb_2107356882?slocation=637640
Видеокарта Nvidia GeForce GTX 1060 3Gb;14200;https://www.avito.ru//sankt-peterburg/tovary_dlya_kompyutera/videokarta_nvidia_geforce_gtx_1060_3gb_2088019295
Gigabyte nVidia GeForce GTX 1060 3Gb, ос Windforce;14500;https://www.avito.ru//sankt-peterburg/tovary_dlya_kompyutera/gigabyte_nvidia_geforce_gtx_1060_3gb_os_windforce_2025923554
Nvidia geforce gtx 1060 3gb;15000;https://www.avito.ru//ulyanovsk/tovary_dlya_kompyutera/nvidia_geforce_gtx_1060_3gb_2097112013?slocation=637640
Видеокарта asus nVidia GeForce GTX 1060, turbo-GT;26000;https://www.avito.ru//kazan/tovary_dlya_kompyutera/videokarta_asus_nvidia_geforce_gtx_1060_turbo-gt_1854661515?slocation=637640
Nvidia geforce gtx 1060 3gb;20000;https://www.avito.ru//syzran/tovary_dlya_kompyutera/nvidia_geforce_gtx_1060_3gb_2080851215?slocation=637640
Nvidia GeForce GTX 1060 3Gb;22500;https://www.avito.ru//tolyatti/tovary_dlya_kompyutera/nvidia_geforce_gtx_1060_3gb_1350845851?slocation=637640
Видеокарта Nvidia GeForce GTX 1060 3Gb;15000;https://www.avito.ru//tolyatti/tovary_dlya_kompyutera/videokarta_nvidia_geforce_gtx_1060_3gb_2099966672
